{"cameraMode":{"drawMode":0,"name":"Shaded","section":"Shading Mode"},"sceneLighting":true,"audioPlay":false,"sceneViewState":{"showFog":true,"showMaterialUpdate":false,"showSkybox":true,"showFlares":true,"showImageEffects":true,"showParticleSystems":true,"showVisualEffectGraphs":true,"m_FxEnabled":true},"in2DMode":false,"pivot":{"x":252.16592407226563,"y":187.72804260253907,"z":588.9077758789063},"rotation":{"x":0.015689821913838388,"y":-0.00040306226583197713,"z":-0.0000062457311287289489,"w":-0.9998759627342224},"size":1285.006591796875,"orthographic":false}