{"cameraMode":{"drawMode":0,"name":"Shaded","section":"Shading Mode"},"sceneLighting":false,"audioPlay":false,"sceneViewState":{"showFog":true,"showMaterialUpdate":false,"showSkybox":false,"showFlares":true,"showImageEffects":true,"showParticleSystems":true,"showVisualEffectGraphs":true,"m_FxEnabled":true},"in2DMode":false,"pivot":{"x":15.016408920288086,"y":5.004508018493652,"z":3.973907947540283},"rotation":{"x":-0.008996434509754181,"y":-0.8423252105712891,"z":-0.014056283049285412,"w":0.5388476252555847},"size":2.3275094032287599,"orthographic":false}