{"cameraMode":{"drawMode":0,"name":"Shaded","section":"Shading Mode"},"sceneLighting":true,"audioPlay":false,"sceneViewState":{"showFog":true,"showMaterialUpdate":false,"showSkybox":true,"showFlares":true,"showImageEffects":true,"showParticleSystems":true,"showVisualEffectGraphs":true,"m_FxEnabled":true},"in2DMode":false,"pivot":{"x":11.815784454345704,"y":13.381772994995118,"z":261.92169189453127},"rotation":{"x":-0.03795153647661209,"y":0.9235713481903076,"z":-0.09482059627771378,"w":-0.36963313817977908},"size":8.563498497009278,"orthographic":false}