{"cameraMode":{"drawMode":0,"name":"Shaded","section":"Shading Mode"},"sceneLighting":false,"audioPlay":false,"sceneViewState":{"showFog":true,"showMaterialUpdate":false,"showSkybox":false,"showFlares":true,"showImageEffects":true,"showParticleSystems":true,"showVisualEffectGraphs":true,"m_FxEnabled":true},"in2DMode":false,"pivot":{"x":-0.011703431606292725,"y":1.584714412689209,"z":0.0060895830392837528},"rotation":{"x":-0.0052820835262537,"y":0.09743953496217728,"z":-0.000541003595571965,"w":-0.9952678680419922},"size":1.5898380279541016,"orthographic":false}