{"cameraMode":{"drawMode":0,"name":"Shaded","section":"Shading Mode"},"sceneLighting":true,"audioPlay":false,"sceneViewState":{"showFog":true,"showMaterialUpdate":false,"showSkybox":true,"showFlares":true,"showImageEffects":true,"showParticleSystems":true,"showVisualEffectGraphs":true,"m_FxEnabled":true},"in2DMode":false,"pivot":{"x":269.32000732421877,"y":10.904776573181153,"z":-188.82772827148438},"rotation":{"x":0.0718173012137413,"y":-0.16707374155521394,"z":0.012162384577095509,"w":0.9832896590232849},"size":5.2910003662109379,"orthographic":true}