{"cameraMode":{"drawMode":0,"name":"Shaded","section":"Shading Mode"},"sceneLighting":false,"audioPlay":false,"sceneViewState":{"showFog":true,"showMaterialUpdate":false,"showSkybox":false,"showFlares":true,"showImageEffects":true,"showParticleSystems":true,"showVisualEffectGraphs":true,"m_FxEnabled":true},"in2DMode":false,"pivot":{"x":-30.66558074951172,"y":114.34024810791016,"z":-103.44824981689453},"rotation":{"x":0.24826361238956452,"y":-0.15694662928581239,"z":0.040836822241544726,"w":0.9551159143447876},"size":94.85978698730469,"orthographic":false}